ticker,company_name,industry_group,latest_date,data_points,return_3d,return_5d,return_10d,return_20d,return_1m,return_3m,return_6m,return_1y,avg_volume_3d,avg_volume_5d,avg_volume_20d,relative_volume,ma_5d,ma_10d,ma_20d,max_drawdown_10d,up_days_10d,early_momentum_signal,confirmed_momentum_signal,strong_momentum_signal,risk_warning,relative_strength_vs_industry,leader_type,industry_quality_score,distance_from_20d_ma,distance_from_52w_high,position_in_52w_range,forward_pe,earnings_growth,peg_ratio,peg_rating,peg_status,peg_note,industry_regime,industry_risk_flag,rotation_type,causal_hypothesis,evidence_status,short_term_price_zone,long_term_price_zone,price_zone,current_state,watch_status,latest_volume,data_status,data_quality_note
ANET,Arista Networks Inc.,AI Infrastructure,2026-06-02,251,0.129194,0.109613,0.237245,0.015699,0.015229,0.407143,0.341674,0.855344,11471531.000000,9718218.600000,13581799.650000,0.665390,163.012000,155.775999,150.485500,-0.023416,7,False,True,False,True,-0.174757,infrastructure_leader,5,0.165096,-0.013504,0.973765,39.404160,0.250000,1.576166,fair,ok,Forward PEG uses Yahoo forwardPE divided by earningsGrowth percent.,momentum_leader,none,risk_on_growth,industry_flow_leads_leaders,observed,very_extended,very_extended,very_extended,overextended,too_extended,9037193,ok,資料日期與本次市場日期一致。
VRT,Vertiv Holdings Co.,AI Infrastructure,2026-06-02,251,0.064644,0.032663,-0.015424,0.010635,0.018824,0.368719,0.861512,1.981160,6138775.000000,5818685.000000,5806891.250000,0.867146,321.509998,322.062000,339.624002,-0.040555,5,True,False,False,False,-0.427426,infrastructure_leader,5,-0.015117,-0.110943,0.844192,37.851980,1.357000,0.278939,undervalued,ok,Forward PEG uses Yahoo forwardPE divided by earningsGrowth percent.,momentum_leader,none,risk_on_growth,industry_flow_leads_leaders,observed,neutral,extended,extended,early_recovery,too_extended,5035425,ok,資料日期與本次市場日期一致。
DELL,Dell Technologies Inc.,AI Infrastructure,2026-06-02,251,0.373001,0.426872,0.828803,1.056842,1.071228,2.007693,2.288843,2.949321,26106431.666667,22638599.000000,11136454.750000,1.404136,388.909998,327.580997,283.970998,-0.065778,8,True,True,True,True,0.416801,challenger,5,0.532938,-0.065778,0.914395,21.924892,2.825000,0.077610,undervalued,ok,Forward PEG uses Yahoo forwardPE divided by earningsGrowth percent.,momentum_leader,none,risk_on_growth,industry_flow_leads_leaders,observed,very_extended,extended,very_extended,overextended,too_extended,15637095,ok,資料日期與本次市場日期一致。
HPE,Hewlett Packard Enterprise Co.,AI Infrastructure,2026-06-02,251,0.469511,0.475302,0.701515,0.955765,0.965348,1.611463,1.599540,2.254409,116312152.666667,77978191.600000,32452487.900000,4.536394,44.320000,39.763000,35.623500,-0.022596,8,True,True,True,True,0.289513,non_leader,5,0.576207,0.000000,1.000000,13.882915,-0.303000,,unavailable,invalid_growth,Yahoo Finance earningsGrowth is zero or negative.,momentum_leader,none,risk_on_growth,industry_flow_leads_leaders,observed,very_extended,very_extended,very_extended,overextended,avoid_for_now,147217258,ok,資料日期與本次市場日期一致。
SMCI,Super Micro Computer Inc.,AI Infrastructure,2026-06-02,251,0.214770,0.352291,0.626256,0.796920,0.851975,0.635267,0.482127,0.161611,66056474.000000,61700304.400000,48099126.100000,1.133325,44.525999,39.279000,35.875000,0.000000,8,True,True,False,True,0.214254,challenger,5,0.398467,-0.173612,0.737680,15.481795,3.260000,0.047490,undervalued,ok,Forward PEG uses Yahoo forwardPE divided by earningsGrowth percent.,momentum_leader,none,risk_on_growth,industry_flow_leads_leaders,observed,very_extended,neutral,very_extended,overextended,too_extended,54511922,ok,資料日期與本次市場日期一致。
ETN,Eaton Corporation plc,AI Infrastructure,2026-06-02,251,0.039011,0.035944,0.093618,-0.008678,-0.015923,0.181460,0.214490,0.296546,2574760.000000,2577736.000000,2946669.000000,0.700343,405.321997,395.417001,400.028322,-0.015479,6,False,True,False,False,-0.318384,infrastructure_leader,5,0.043976,-0.032877,0.879532,26.563318,-0.094000,,unavailable,invalid_growth,Yahoo Finance earningsGrowth is zero or negative.,momentum_leader,none,risk_on_growth,industry_flow_leads_leaders,observed,neutral,extended,extended,strong_uptrend,too_extended,2063680,ok,資料日期與本次市場日期一致。
NVDA,NVIDIA Corporation,Semiconductors,2026-06-02,251,0.040000,0.037047,0.002249,0.122632,0.122802,0.237612,0.259008,0.578194,222373831.000000,195743738.600000,172426824.650000,0.956117,217.034003,217.895001,217.970502,-0.055175,3,True,False,False,False,-0.224782,core_leader,5,0.022248,-0.054806,0.865112,17.603792,2.145000,0.082069,undervalued,ok,Forward PEG uses Yahoo forwardPE divided by earningsGrowth percent.,neutral,momentum_exhaustion,risk_on_growth,industry_flow_leads_leaders,inferred,neutral,extended,extended,early_recovery,not_eligible_industry,164860193,ok,資料日期與本次市場日期一致。
AMD,Advanced Micro Devices Inc.,Semiconductors,2026-06-02,251,0.006659,0.035027,0.238842,0.527025,0.446552,1.731291,1.397554,3.445827,28999408.666667,29205205.200000,38785936.300000,0.590055,512.279999,484.401999,456.584502,-0.016571,6,False,True,False,False,0.011810,challenger,5,0.142264,0.000000,1.000000,39.883427,0.912000,0.437318,undervalued,ok,Forward PEG uses Yahoo forwardPE divided by earningsGrowth percent.,neutral,momentum_exhaustion,risk_on_growth,industry_flow_leads_leaders,inferred,extended,very_extended,very_extended,overextended,not_eligible_industry,22885826,ok,資料日期與本次市場日期一致。
AVGO,Broadcom Inc.,Semiconductors,2026-06-02,251,0.128909,0.141134,0.144660,0.156231,0.143111,0.537663,0.199880,0.890099,35767826.666667,28552016.000000,21491994.000000,1.624748,447.349994,431.630002,428.093500,-0.008665,6,True,True,False,False,-0.082371,core_leader,5,0.124918,0.000000,1.000000,25.959724,0.316000,0.821510,undervalued,ok,Forward PEG uses Yahoo forwardPE divided by earningsGrowth percent.,neutral,momentum_exhaustion,risk_on_growth,industry_flow_leads_leaders,inferred,extended,very_extended,very_extended,overextended,not_eligible_industry,34919080,ok,資料日期與本次市場日期一致。
TSM,Taiwan Semiconductor Manufacturing Co. Ltd.,Semiconductors,2026-06-02,251,0.051382,0.083358,0.128147,0.112248,0.123268,0.268509,0.540798,1.288459,13110068.000000,12586320.800000,13309650.200000,0.755655,429.672003,416.657999,411.298000,-0.015087,7,True,True,False,False,-0.098884,core_leader,5,0.086050,0.000000,1.000000,22.887545,0.584000,0.391910,undervalued,ok,Forward PEG uses Yahoo forwardPE divided by earningsGrowth percent.,neutral,momentum_exhaustion,risk_on_growth,industry_flow_leads_leaders,inferred,extended,very_extended,very_extended,overextended,not_eligible_industry,10057504,ok,資料日期與本次市場日期一致。
ASML,ASML Holding N.V.,Semiconductors,2026-06-02,251,0.062026,0.044938,0.158233,0.230239,0.195057,0.255819,0.614480,1.300079,1201059.666667,1187275.800000,1615743.950000,0.912817,1630.067993,1601.683997,1567.008002,-0.021453,7,False,True,False,False,-0.068799,infrastructure_leader,5,0.088297,0.000000,1.000000,35.630440,0.192000,1.855752,fair,ok,Forward PEG uses Yahoo forwardPE divided by earningsGrowth percent.,neutral,momentum_exhaustion,risk_on_growth,industry_flow_leads_leaders,inferred,extended,very_extended,very_extended,overextended,not_eligible_industry,1474879,ok,資料日期與本次市場日期一致。
MU,Micron Technology Inc.,Semiconductors,2026-06-02,251,0.152222,0.187771,0.561317,0.845954,0.962524,1.803801,3.503455,9.431756,51108788.666667,55063273.200000,56195448.300000,0.823477,984.505994,876.223993,800.510999,-0.014565,8,False,True,False,True,0.334286,specialist,5,0.329276,0.000000,1.000000,10.106903,7.560000,0.013369,undervalued,ok,Forward PEG uses Yahoo forwardPE divided by earningsGrowth percent.,neutral,momentum_exhaustion,risk_on_growth,industry_flow_leads_leaders,inferred,very_extended,very_extended,very_extended,overextended,not_eligible_industry,46275666,ok,資料日期與本次市場日期一致。
QCOM,Qualcomm Incorporated,Semiconductors,2026-06-02,251,-0.010070,-0.032071,0.182675,0.430336,0.360601,0.754769,0.449371,0.654915,22716112.333333,22992287.400000,28914281.850000,0.628801,239.507999,229.605000,218.151501,-0.087762,7,False,False,False,True,-0.044356,specialist,5,0.104003,-0.040555,0.919811,22.643488,1.730000,0.130887,undervalued,ok,Forward PEG uses Yahoo forwardPE divided by earningsGrowth percent.,neutral,momentum_exhaustion,risk_on_growth,industry_flow_leads_leaders,inferred,extended,extended,extended,overextended,not_eligible_industry,18181337,ok,資料日期與本次市場日期一致。
INTC,Intel Corporation,Semiconductors,2026-06-02,251,-0.107205,-0.126214,-0.002219,0.126853,0.083417,1.504176,1.660996,4.319369,143683564.000000,124338998.400000,140155004.600000,0.745419,114.920000,116.621999,116.256500,-0.126214,4,False,False,False,True,-0.229250,challenger,5,-0.071622,-0.166177,0.804685,69.853090,,,unavailable,missing_growth,Yahoo Finance earningsGrowth is missing.,neutral,momentum_exhaustion,risk_on_growth,industry_flow_leads_leaders,inferred,reasonable_pullback,neutral,reasonable_pullback,falling_knife,avoid_for_now,104474192,ok,資料日期與本次市場日期一致。
ARM,Arm Holdings plc,Semiconductors,2026-06-02,251,0.201151,0.253689,0.872025,0.981256,0.906951,2.308495,1.970714,2.127116,15385763.666667,13979938.200000,13433424.550000,1.114198,360.565997,320.867001,268.797501,-0.057624,8,False,True,False,True,0.644994,specialist,5,0.498191,-0.015018,0.979822,131.623060,0.479000,2.747872,expensive,ok,Forward PEG uses Yahoo forwardPE divided by earningsGrowth percent.,neutral,momentum_exhaustion,risk_on_growth,industry_flow_leads_leaders,inferred,very_extended,very_extended,very_extended,overextended,not_eligible_industry,14967491,ok,資料日期與本次市場日期一致。
AMAT,Applied Materials Inc.,Semiconductors,2026-06-02,251,0.089775,0.077293,0.186399,0.253665,0.261075,0.396616,0.947557,2.052089,8139069.666667,7028081.800000,7999305.450000,1.157189,459.241998,444.334479,436.286055,-0.014597,8,False,True,False,False,-0.040632,infrastructure_leader,5,0.123231,0.000000,1.000000,30.306723,0.335000,0.904678,undervalued,ok,Forward PEG uses Yahoo forwardPE divided by earningsGrowth percent.,neutral,momentum_exhaustion,risk_on_growth,industry_flow_leads_leaders,inferred,extended,very_extended,very_extended,overextended,not_eligible_industry,9256709,ok,資料日期與本次市場日期一致。
TXN,Texas Instruments Incorporated,Semiconductors,2026-06-02,251,-0.024782,-0.051618,0.025017,0.102515,0.102005,0.528029,0.852421,0.684189,12396037.333333,9962622.400000,8084430.600000,1.333416,308.080005,308.008005,301.716504,-0.097541,5,False,False,False,True,-0.202015,specialist,5,0.021224,-0.051618,0.903245,32.731330,0.313000,1.045729,fair,ok,Forward PEG uses Yahoo forwardPE divided by earningsGrowth percent.,neutral,momentum_exhaustion,risk_on_growth,industry_flow_leads_leaders,inferred,neutral,extended,extended,overextended,not_eligible_industry,10779912,ok,資料日期與本次市場日期一致。
AVAV,AeroVironment Inc.,Defense Drones,2026-06-02,251,-0.046831,0.121201,0.265168,0.133640,0.104774,-0.104906,-0.268768,0.097712,1727859.666667,2091855.800000,1367528.950000,0.788999,202.270001,185.502998,175.682499,-0.048043,5,False,False,False,True,-0.119566,core_leader,3,0.163178,-0.501379,0.184053,50.668095,,,unavailable,missing_growth,Yahoo Finance earningsGrowth is missing.,momentum_leader,momentum_exhaustion,unclear,unclear,needs_review,very_extended,deep_pullback,very_extended,overextended,too_extended,1078979,ok,資料日期與本次市場日期一致。
KTOS,Kratos Defense & Security Solutions Inc.,Defense Drones,2026-06-02,251,-0.029452,0.113908,0.166913,0.021637,0.019662,-0.288701,-0.168594,0.618573,6625286.666667,6914672.000000,5232053.000000,0.663575,62.676000,59.032000,57.700500,-0.029452,5,False,False,False,False,-0.217822,challenger,3,0.096524,-0.515988,0.263887,58.922688,1.306000,0.451169,undervalued,ok,Forward PEG uses Yahoo forwardPE divided by earningsGrowth percent.,momentum_leader,momentum_exhaustion,unclear,unclear,needs_review,extended,reasonable_pullback,extended,strong_uptrend,too_extended,3471860,ok,資料日期與本次市場日期一致。
RCAT,Red Cat Holdings Inc.,Defense Drones,2026-06-02,251,0.056537,0.530194,0.674132,0.359091,0.331256,0.017007,1.014825,1.157287,28573674.666667,36159924.800000,17664436.200000,1.209109,13.822000,11.481000,10.821500,0.000000,9,True,True,True,True,0.289398,emerging_leader,3,0.381509,-0.138825,0.785205,-41.527775,,,unavailable,missing_pe,Yahoo Finance forwardPE is missing or not positive.,momentum_leader,momentum_exhaustion,unclear,unclear,needs_review,very_extended,neutral,very_extended,overextended,too_extended,21358224,ok,資料日期與本次市場日期一致。
ONDS,Ondas Holdings Inc.,Defense Drones,2026-06-02,251,0.024906,0.389969,0.400000,0.395684,0.315892,0.355289,0.718987,8.563381,106293191.666667,132079375.000000,87247103.750000,1.024257,12.862000,11.080500,10.313750,-0.032051,6,True,True,False,True,0.015266,non_leader,3,0.316689,-0.030692,0.965846,-271.600000,,,unavailable,missing_pe,Yahoo Finance forwardPE is missing or not positive.,momentum_leader,momentum_exhaustion,unclear,unclear,needs_review,very_extended,very_extended,very_extended,overextended,avoid_for_now,89363475,ok,資料日期與本次市場日期一致。
DPRO,Draganfly Inc.,Defense Drones,2026-06-02,251,-0.041078,0.145705,0.417457,0.461839,0.406780,0.087336,0.021888,2.973404,3815150.666667,4526770.400000,2310737.600000,1.080630,7.392000,6.689000,6.030000,-0.041078,7,False,True,False,True,0.032723,non_leader,3,0.238806,-0.457516,0.470143,-14.937891,,,unavailable,missing_pe,Yahoo Finance forwardPE is missing or not positive.,momentum_leader,momentum_exhaustion,unclear,unclear,needs_review,very_extended,neutral,very_extended,overextended,avoid_for_now,2497052,ok,資料日期與本次市場日期一致。
RTX,RTX Corporation,Defense,2026-06-02,251,-0.026263,-0.026317,-0.005480,0.012064,0.005724,-0.152693,0.003757,0.287544,5716785.666667,5626451.400000,5727982.850000,0.508723,176.776001,176.300089,175.829816,-0.030057,6,False,False,False,False,0.017638,core_leader,4,-0.008928,-0.175217,0.512491,23.055784,0.325000,0.709409,undervalued,ok,Forward PEG uses Yahoo forwardPE divided by earningsGrowth percent.,weak,none,unclear,unclear,needs_review,neutral,neutral,neutral,sideways_base,not_eligible_industry,2913957,ok,資料日期與本次市場日期一致。
LHX,L3Harris Technologies Inc.,Defense,2026-06-02,251,-0.021158,-0.017067,-0.009770,-0.001620,-0.016753,-0.159801,0.109452,0.282337,1121251.000000,1201910.600000,1282922.650000,0.423761,311.343994,310.579996,307.519499,-0.022400,5,False,False,False,False,0.013348,specialist,4,0.001953,-0.183066,0.499675,22.601307,-0.061000,,unavailable,invalid_growth,Yahoo Finance earningsGrowth is zero or negative.,weak,none,unclear,unclear,needs_review,neutral,neutral,neutral,sideways_base,not_eligible_industry,543653,ok,資料日期與本次市場日期一致。
NOC,Northrop Grumman Corporation,Defense,2026-06-02,251,-0.036365,-0.032055,-0.020088,-0.049468,-0.051375,-0.290022,-0.051343,0.116306,1523204.666667,1229902.800000,883150.700000,1.440767,548.556677,550.310474,549.828351,-0.043869,5,False,False,False,False,0.003030,core_leader,4,-0.024077,-0.298258,0.208455,17.804144,0.849000,0.209707,undervalued,ok,Forward PEG uses Yahoo forwardPE divided by earningsGrowth percent.,weak,none,unclear,unclear,needs_review,neutral,deep_pullback,deep_pullback,sideways_base,not_eligible_industry,1272414,ok,資料日期與本次市場日期一致。
LMT,Lockheed Martin Corporation,Defense,2026-06-02,251,-0.038009,-0.030229,-0.021803,-0.002623,0.007842,-0.226152,0.143273,0.098107,1451671.666667,1307503.000000,1294820.750000,0.566499,523.666309,523.932324,518.289636,-0.038009,3,False,False,False,False,0.001315,core_leader,4,-0.009376,-0.236307,0.416666,15.999669,-0.115000,,unavailable,invalid_growth,Yahoo Finance earningsGrowth is zero or negative.,weak,none,unclear,unclear,needs_review,neutral,reasonable_pullback,reasonable_pullback,sideways_base,not_eligible_industry,733515,ok,資料日期與本次市場日期一致。
GD,General Dynamics Corporation,Defense,2026-06-02,251,-0.032525,-0.020398,-0.016030,-0.032858,-0.023797,-0.069980,-0.003121,0.245527,885052.000000,901131.200000,1065977.800000,0.520889,343.056000,342.141003,343.110500,-0.032525,3,False,False,False,False,0.007088,core_leader,4,-0.016031,-0.076765,0.708240,18.605284,0.120000,1.550440,fair,ok,Forward PEG uses Yahoo forwardPE divided by earningsGrowth percent.,weak,none,unclear,unclear,needs_review,neutral,neutral,neutral,sideways_base,not_eligible_industry,555256,ok,資料日期與本次市場日期一致。
HII,Huntington Ingalls Industries Inc.,Defense,2026-06-02,251,-0.080934,-0.081077,-0.104514,-0.188353,-0.182118,-0.330211,-0.056661,0.309963,720043.666667,621726.200000,610021.550000,0.633799,306.790875,313.269943,318.668651,-0.091410,3,False,False,False,True,-0.081396,specialist,4,-0.078479,-0.349992,0.319003,14.417260,0.000000,,unavailable,invalid_growth,Yahoo Finance earningsGrowth is zero or negative.,weak,none,unclear,unclear,needs_review,reasonable_pullback,reasonable_pullback,reasonable_pullback,falling_knife,avoid_for_now,386631,ok,資料日期與本次市場日期一致。
LDOS,Leidos Holdings Inc.,Defense,2026-06-02,251,-0.036249,-0.010147,0.015860,-0.147772,-0.150171,-0.296239,-0.333212,-0.113818,1660865.000000,1568999.000000,1473129.750000,0.741072,128.909999,127.206999,127.992499,-0.036249,5,False,False,False,False,0.038978,non_leader,4,-0.009161,-0.361447,0.050023,9.610896,-0.076000,,unavailable,invalid_growth,Yahoo Finance earningsGrowth is zero or negative.,weak,none,unclear,unclear,needs_review,neutral,deep_pullback,deep_pullback,sideways_base,not_eligible_industry,1091695,ok,資料日期與本次市場日期一致。
RKLB,Rocket Lab USA Inc.,Space,2026-06-02,251,-0.166926,-0.138827,-0.059774,0.535550,0.564776,0.758449,1.926436,3.615270,30473413.333333,28214428.000000,31383212.000000,0.613291,137.489998,135.344997,122.422499,-0.185316,5,False,False,False,True,-0.249710,emerging_leader,3,0.007331,-0.179125,0.784410,-11190.562500,,,unavailable,missing_pe,Yahoo Finance forwardPE is missing or not positive.,neutral,momentum_exhaustion,unclear,unclear,needs_review,neutral,neutral,neutral,falling_knife,avoid_for_now,19247040,ok,資料日期與本次市場日期一致。
LUNR,Intuitive Machines Inc.,Space,2026-06-02,251,-0.134136,0.135112,0.178029,0.560947,0.544496,1.174176,3.165263,2.587489,15322620.333333,19946592.200000,17344133.050000,0.581030,41.530000,38.114000,34.477000,-0.163895,6,False,True,False,True,-0.011907,emerging_leader,3,0.147722,-0.134136,0.837185,-329.750000,,,unavailable,missing_pe,Yahoo Finance forwardPE is missing or not positive.,neutral,momentum_exhaustion,unclear,unclear,needs_review,extended,extended,extended,overextended,not_eligible_industry,10077461,ok,資料日期與本次市場日期一致。
ASTS,AST SpaceMobile Inc.,Space,2026-06-02,251,-0.112105,-0.012782,0.360935,0.726874,0.666949,0.275032,1.102669,3.693010,34367038.666667,32233763.200000,27447415.800000,0.762477,119.984001,109.939001,92.908500,-0.206176,8,False,False,False,True,0.170999,emerging_leader,3,0.271897,-0.112105,0.861737,-397.704700,,,unavailable,missing_pe,Yahoo Finance forwardPE is missing or not positive.,neutral,momentum_exhaustion,unclear,unclear,needs_review,very_extended,extended,very_extended,overextended,not_eligible_industry,20928016,ok,資料日期與本次市場日期一致。
IRDM,Iridium Communications Inc.,Space,2026-06-02,251,-0.032384,-0.011164,0.142857,0.243419,0.257606,1.079212,2.067314,0.950109,2307852.000000,2233171.200000,2154387.800000,0.736894,50.367999,48.539000,45.160500,-0.076670,8,False,False,False,False,-0.047079,specialist,3,0.098305,-0.042101,0.939715,37.014923,-0.259000,,unavailable,invalid_growth,Yahoo Finance earningsGrowth is zero or negative.,neutral,momentum_exhaustion,unclear,unclear,needs_review,extended,very_extended,very_extended,overextended,not_eligible_industry,1587556,ok,資料日期與本次市場日期一致。
SPCE,Virgin Galactic Holdings Inc.,Space,2026-06-02,251,0.013245,0.307692,0.779070,0.821429,0.732075,0.807087,0.186047,0.416667,196708699.000000,133896539.400000,43606834.850000,2.872022,5.322000,4.108000,3.425000,-0.389628,7,False,True,True,True,0.589134,non_leader,3,0.340146,-0.389628,0.452336,-9.512954,,,unavailable,missing_pe,Yahoo Finance forwardPE is missing or not positive.,neutral,momentum_exhaustion,unclear,unclear,needs_review,very_extended,neutral,very_extended,overextended,not_eligible_industry,125239797,ok,資料日期與本次市場日期一致。
PL,Planet Labs PBC,Space,2026-06-02,251,-0.064397,-0.004760,0.155732,0.247794,0.303252,0.900791,3.041177,11.523438,13917028.333333,13499877.000000,10811519.250000,0.868628,49.514000,46.697000,43.380000,-0.096109,6,False,False,False,True,-0.034204,specialist,3,0.108575,-0.064397,0.930404,-2137.333300,,,unavailable,missing_pe,Yahoo Finance forwardPE is missing or not positive.,neutral,momentum_exhaustion,unclear,unclear,needs_review,extended,very_extended,very_extended,overextended,not_eligible_industry,9391185,ok,資料日期與本次市場日期一致。
RDW,Redwire Corporation,Space,2026-06-02,251,-0.205405,-0.066243,0.474212,1.381944,1.203426,1.299441,2.735027,0.386792,52578256.333333,73153093.800000,56554508.450000,0.635528,23.146000,19.929000,15.754000,-0.205405,6,False,False,False,True,0.284276,emerging_leader,3,0.306335,-0.205405,0.744722,-50.195120,,,unavailable,missing_pe,Yahoo Finance forwardPE is missing or not positive.,neutral,momentum_exhaustion,unclear,unclear,needs_review,very_extended,neutral,very_extended,overextended,not_eligible_industry,35941969,ok,資料日期與本次市場日期一致。
BKSY,BlackSky Technology Inc.,Space,2026-06-02,251,-0.149525,-0.099651,0.021163,0.208643,0.235162,0.932659,1.477991,2.885841,2352508.333333,2398945.000000,2706951.250000,0.580478,47.478001,46.943000,43.242000,-0.179159,7,False,False,False,True,-0.168773,specialist,3,0.015448,-0.149525,0.810506,-80.568800,,,unavailable,missing_pe,Yahoo Finance forwardPE is missing or not positive.,neutral,momentum_exhaustion,unclear,unclear,needs_review,neutral,neutral,neutral,sideways_base,not_eligible_industry,1571325,ok,資料日期與本次市場日期一致。
VSAT,Viasat Inc.,Space,2026-06-02,251,-0.162418,-0.107985,0.015241,0.137731,0.115018,0.584679,1.115060,7.167604,3802410.000000,3666786.000000,2368236.500000,1.014269,79.670001,77.129000,73.523000,-0.162418,5,False,False,False,True,-0.174695,specialist,3,-0.012418,-0.162418,0.819023,180.026290,,,unavailable,missing_growth,Yahoo Finance earningsGrowth is missing.,neutral,momentum_exhaustion,unclear,unclear,needs_review,neutral,neutral,neutral,sideways_base,not_eligible_industry,2402030,ok,資料日期與本次市場日期一致。
SATL,Satellogic Inc.,Space,2026-06-02,251,-0.118782,-0.191806,-0.090147,0.229462,0.208914,1.782051,4.260606,1.384615,9062467.000000,12385340.200000,10932755.050000,0.771270,9.296000,9.685000,8.877500,-0.192737,6,False,False,False,True,-0.280083,non_leader,3,-0.022247,-0.191806,0.782471,-90.416670,,,unavailable,missing_pe,Yahoo Finance forwardPE is missing or not positive.,neutral,momentum_exhaustion,unclear,unclear,needs_review,neutral,neutral,neutral,falling_knife,avoid_for_now,8432101,ok,資料日期與本次市場日期一致。
SPIR,Spire Global Inc.,Space,2026-06-02,251,-0.114108,-0.101053,0.111979,0.223496,0.174367,1.382813,1.606838,1.039159,1377810.000000,1726706.000000,1740921.500000,0.690801,22.866000,21.766000,19.957500,-0.193093,5,False,False,False,True,-0.077957,specialist,3,0.069773,-0.162088,0.776273,-85.400000,,,unavailable,missing_pe,Yahoo Finance forwardPE is missing or not positive.,neutral,momentum_exhaustion,unclear,unclear,needs_review,neutral,neutral,neutral,sideways_base,not_eligible_industry,1202630,ok,資料日期與本次市場日期一致。
CRWD,CrowdStrike Holdings Inc.,Cybersecurity,2026-06-02,251,0.145976,0.145038,0.242587,0.638714,0.687626,0.964514,0.510233,0.573267,4435705.000000,3790423.000000,3469955.750000,1.124687,719.695996,684.870996,613.533502,-0.038999,6,True,True,False,True,0.019887,core_leader,5,0.253314,-0.016902,0.969393,124.608246,,,unavailable,missing_growth,Yahoo Finance earningsGrowth is missing.,momentum_leader,none,unclear,unclear,needs_review,very_extended,very_extended,very_extended,overextended,too_extended,3902615,ok,資料日期與本次市場日期一致。
PANW,Palo Alto Networks Inc.,Cybersecurity,2026-06-02,251,0.152888,0.157468,0.200485,0.610208,0.641153,0.903902,0.563036,0.507610,14479840.333333,11484164.200000,9393906.050000,1.567625,277.117999,264.262999,240.017000,-0.046473,6,True,True,False,True,-0.022215,core_leader,5,0.238162,-0.010982,0.979220,74.670030,0.605000,1.234215,fair,ok,Forward PEG uses Yahoo forwardPE divided by earningsGrowth percent.,momentum_leader,none,unclear,unclear,needs_review,very_extended,very_extended,very_extended,overextended,too_extended,14726121,ok,資料日期與本次市場日期一致。
FTNT,Fortinet Inc.,Cybersecurity,2026-06-02,251,0.147726,0.111227,0.176759,0.668086,0.725113,0.835512,0.834833,0.446929,7998176.333333,7332425.800000,6919656.450000,0.986946,138.320000,134.659000,123.332000,-0.045013,8,True,True,False,True,-0.045941,core_leader,5,0.206986,0.000000,1.000000,43.451230,0.286000,1.519274,fair,ok,Forward PEG uses Yahoo forwardPE divided by earningsGrowth percent.,momentum_leader,none,unclear,unclear,needs_review,very_extended,very_extended,very_extended,overextended,too_extended,6829329,ok,資料日期與本次市場日期一致。
ZS,Zscaler Inc.,Cybersecurity,2026-06-02,251,0.108505,-0.219122,-0.174824,0.013713,0.031042,-0.068016,-0.426839,-0.511406,9938015.333333,15579449.200000,6872032.300000,1.228799,139.207999,158.371999,155.286999,-0.315222,6,False,False,False,True,-0.397524,challenger,5,-0.071719,-0.571327,0.119604,31.349903,,,unavailable,missing_growth,Yahoo Finance earningsGrowth is missing.,momentum_leader,none,unclear,unclear,needs_review,reasonable_pullback,deep_pullback,deep_pullback,falling_knife,avoid_for_now,8444346,ok,資料日期與本次市場日期一致。
OKTA,Okta Inc.,Cybersecurity,2026-06-02,251,0.428632,0.442490,0.554688,0.751942,0.785696,0.865968,0.684551,0.306430,11639006.000000,9559283.600000,4607440.900000,1.633622,116.520000,103.282999,92.130500,-0.045944,7,True,True,True,True,0.331988,specialist,5,0.468786,-0.031976,0.941842,31.647953,0.212000,1.492828,fair,ok,Forward PEG uses Yahoo forwardPE divided by earningsGrowth percent.,momentum_leader,none,unclear,unclear,needs_review,very_extended,very_extended,very_extended,overextended,too_extended,7526818,ok,資料日期與本次市場日期一致。
TENB,Tenable Holdings Inc.,Cybersecurity,2026-06-02,251,0.190751,0.196747,0.336505,0.483437,0.455488,0.548096,0.165158,-0.056200,5024067.000000,4094500.200000,3839245.050000,1.227273,27.770000,26.604000,23.977500,-0.053060,8,True,True,True,True,0.113805,specialist,5,0.288708,-0.128596,0.765191,14.229074,,,unavailable,missing_growth,Yahoo Finance earningsGrowth is missing.,momentum_leader,none,unclear,unclear,needs_review,very_extended,neutral,very_extended,overextended,too_extended,4711801,ok,資料日期與本次市場日期一致。
CRM,Salesforce Inc.,Cloud Software,2026-06-02,251,0.140035,0.121510,0.119010,0.082812,0.092591,0.026995,-0.125240,-0.234927,25731041.000000,23655484.600000,15214731.150000,1.025284,191.044000,185.020001,181.087501,-0.041794,4,True,False,False,False,-0.115125,core_leader,5,0.109077,-0.262909,0.333716,12.923326,0.522000,0.247573,undervalued,ok,Forward PEG uses Yahoo forwardPE divided by earningsGrowth percent.,momentum_leader,none,unclear,unclear,needs_review,extended,reasonable_pullback,extended,early_recovery,too_extended,15599423,ok,資料日期與本次市場日期一致。
NOW,ServiceNow Inc.,Cloud Software,2026-06-02,251,0.174009,0.277522,0.234287,0.387953,0.400285,0.127750,-0.214374,-0.368619,59271208.333333,49112925.000000,34034886.250000,1.198218,119.746002,110.560001,101.398001,-0.060430,6,True,True,False,True,0.000151,core_leader,5,0.258901,-0.389053,0.354540,25.394445,0.023000,11.041063,expensive,ok,Forward PEG uses Yahoo forwardPE divided by earningsGrowth percent.,momentum_leader,none,unclear,unclear,needs_review,very_extended,reasonable_pullback,very_extended,overextended,too_extended,40781225,ok,資料日期與本次市場日期一致。
SNOW,Snowflake Inc.,Cloud Software,2026-06-02,251,0.091722,0.470383,0.589990,0.810831,0.852057,0.575125,0.039405,0.248578,17905561.000000,22206076.600000,11368089.150000,1.200693,242.262003,206.317001,178.955501,-0.067890,6,True,True,True,True,0.355854,challenger,5,0.459246,-0.067890,0.880415,99.985840,,,unavailable,missing_growth,Yahoo Finance earningsGrowth is missing.,momentum_leader,none,unclear,unclear,needs_review,very_extended,extended,very_extended,overextended,too_extended,13649583,ok,資料日期與本次市場日期一致。
DDOG,Datadog Inc.,Cloud Software,2026-06-02,251,0.194859,0.203354,0.288813,0.834685,0.915107,1.407891,0.681957,1.268077,9550681.666667,7835869.000000,7454002.250000,1.079265,248.204001,233.242000,211.898000,-0.030127,7,True,True,False,True,0.054677,infrastructure_leader,5,0.270092,-0.030127,0.952195,94.560974,1.040000,0.909240,undervalued,ok,Forward PEG uses Yahoo forwardPE divided by earningsGrowth percent.,momentum_leader,none,unclear,unclear,needs_review,very_extended,very_extended,very_extended,overextended,too_extended,8044845,ok,資料日期與本次市場日期一致。
MDB,MongoDB Inc.,Cloud Software,2026-06-02,251,0.223471,0.296437,0.207455,0.505384,0.512412,0.576623,0.198845,1.056568,6561565.333333,6494959.200000,3018049.800000,0.756911,351.605994,337.282999,317.464000,-0.120175,5,True,False,False,True,-0.026681,specialist,5,0.255134,-0.095642,0.829289,54.316223,,,unavailable,missing_growth,Yahoo Finance earningsGrowth is missing.,momentum_leader,none,unclear,unclear,needs_review,very_extended,extended,very_extended,overextended,too_extended,2284396,ok,資料日期與本次市場日期一致。
WDAY,Workday Inc.,Cloud Software,2026-06-02,251,0.145143,0.200452,0.155183,0.164125,0.172653,0.036697,-0.309526,-0.407136,8642324.666667,7020754.800000,5710343.700000,0.944790,141.362000,133.676999,128.808500,-0.057909,6,True,True,False,True,-0.078953,specialist,5,0.155824,-0.411309,0.259117,11.778296,2.480000,0.047493,undervalued,ok,Forward PEG uses Yahoo forwardPE divided by earningsGrowth percent.,momentum_leader,none,unclear,unclear,needs_review,very_extended,reasonable_pullback,very_extended,overextended,too_extended,5395074,ok,資料日期與本次市場日期一致。
MSFT,Microsoft Corporation,Cloud Software,2026-06-02,251,0.033537,0.060765,0.044213,0.069256,0.067141,0.094907,-0.099052,-0.039171,56658514.000000,49225508.400000,36491852.100000,1.005491,438.345996,428.208786,420.744833,-0.041714,4,True,False,False,False,-0.189923,core_leader,5,0.048878,-0.180724,0.467049,22.815702,0.234000,0.975030,undervalued,ok,Forward PEG uses Yahoo forwardPE divided by earningsGrowth percent.,momentum_leader,none,unclear,unclear,needs_review,neutral,neutral,neutral,early_recovery,research_candidate,36692242,ok,資料日期與本次市場日期一致。
NOK,Nokia Oyj,Telecom Infrastructure,2026-06-02,251,0.102749,0.023694,0.226346,0.282344,0.266917,1.087980,1.771382,2.190633,138523006.666667,131344384.000000,119106021.000000,1.087750,15.780000,15.230000,14.401500,-0.098420,5,False,False,False,True,0.000000,non_leader,3,0.170017,0.000000,1.000000,34.551346,,,unavailable,missing_growth,Yahoo Finance earningsGrowth is missing.,neutral,none,unclear,unclear,needs_review,very_extended,very_extended,very_extended,overextended,not_eligible_industry,129557620,ok,資料日期與本次市場日期一致。
TTD,The Trade Desk Inc.,Adtech,2026-06-02,251,-0.002364,-0.048693,-0.052537,-0.124481,-0.129538,-0.156000,-0.466633,-0.716398,30801365.333333,26291199.200000,22255794.800000,0.942622,21.864000,21.734000,21.975500,-0.091301,5,False,False,False,True,-0.164909,core_leader,3,-0.039840,-0.764929,0.014497,9.818612,-0.200000,,unavailable,invalid_growth,Yahoo Finance earningsGrowth is zero or negative.,neutral,momentum_exhaustion,unclear,unclear,needs_review,reasonable_pullback,deep_pullback,deep_pullback,falling_knife,avoid_for_now,20978796,ok,資料日期與本次市場日期一致。
APP,AppLovin Corporation,Adtech,2026-06-02,251,0.009568,0.177719,0.230005,0.275011,0.316587,0.379913,0.010259,0.519736,4419664.000000,5474478.400000,5480874.600000,0.494719,600.028015,544.113007,512.833502,-0.013150,7,True,True,False,True,0.117634,challenger,3,0.180949,-0.174441,0.687038,27.621117,1.131000,0.244219,undervalued,ok,Forward PEG uses Yahoo forwardPE divided by earningsGrowth percent.,neutral,momentum_exhaustion,unclear,unclear,needs_review,very_extended,neutral,very_extended,overextended,not_eligible_industry,2711492,ok,資料日期與本次市場日期一致。
ROKU,Roku Inc.,Adtech,2026-06-02,251,-0.030284,-0.003840,0.023923,0.008729,0.028645,0.351334,0.313359,0.742086,1826718.333333,1893731.000000,2012507.750000,0.667056,129.865999,127.231001,126.815001,-0.036313,5,False,False,False,False,-0.088449,non_leader,3,0.002405,-0.036313,0.918731,35.963550,,,unavailable,missing_growth,Yahoo Finance earningsGrowth is missing.,neutral,momentum_exhaustion,unclear,unclear,needs_review,neutral,extended,extended,sideways_base,not_eligible_industry,1342455,ok,資料日期與本次市場日期一致。
MGNI,Magnite Inc.,Adtech,2026-06-02,251,0.029106,0.117382,0.109037,0.093520,0.082362,0.078431,0.010892,-0.105422,2666765.333333,2522319.200000,2811159.800000,0.614016,14.468000,13.847000,13.616000,-0.034460,6,True,True,False,False,-0.003335,specialist,3,0.090629,-0.440045,0.238251,12.073171,,,unavailable,missing_growth,Yahoo Finance earningsGrowth is missing.,neutral,momentum_exhaustion,unclear,unclear,needs_review,extended,deep_pullback,extended,early_recovery,not_eligible_industry,1726096,ok,資料日期與本次市場日期一致。
PUBM,PubMatic Inc.,Adtech,2026-06-02,251,0.052448,0.142315,0.214934,0.174634,0.176931,0.452352,0.336293,-0.002485,868974.333333,852824.600000,823471.150000,0.846445,11.686000,10.948000,10.464500,-0.017893,8,True,True,False,True,0.102563,non_leader,3,0.150557,-0.119239,0.779432,24.655458,,,unavailable,missing_growth,Yahoo Finance earningsGrowth is missing.,neutral,momentum_exhaustion,unclear,unclear,needs_review,very_extended,neutral,very_extended,overextended,not_eligible_industry,697023,ok,資料日期與本次市場日期一致。
DV,DoubleVerify Holdings Inc.,Adtech,2026-06-02,251,0.102484,0.100207,0.148867,-0.065789,-0.058356,0.048228,0.010436,-0.251055,4372918.333333,3430471.000000,3466532.750000,1.645637,10.046000,9.810000,9.944000,-0.017294,6,True,True,True,False,0.036496,specialist,3,0.070998,-0.345421,0.266319,8.427967,2.987000,0.028215,undervalued,ok,Forward PEG uses Yahoo forwardPE divided by earningsGrowth percent.,neutral,momentum_exhaustion,unclear,unclear,needs_review,neutral,reasonable_pullback,reasonable_pullback,strong_uptrend,not_eligible_industry,5704655,ok,資料日期與本次市場日期一致。
CEG,Constellation Energy Corporation,Nuclear,2026-06-02,251,-0.047711,-0.095898,0.040649,-0.149436,-0.112850,-0.158311,-0.249535,-0.124418,7019282.666667,5356389.600000,4090837.400000,1.732175,280.217999,282.449002,287.575731,-0.118944,6,False,False,False,True,-0.148681,core_leader,4,-0.051902,-0.322309,0.168638,20.012450,10.910000,0.018343,undervalued,ok,Forward PEG uses Yahoo forwardPE divided by earningsGrowth percent.,momentum_leader,none,policy_driven,policy_or_thematic_support,observed,reasonable_pullback,deep_pullback,deep_pullback,sideways_base,wait_for_stabilization,7086048,ok,資料日期與本次市場日期一致。
VST,Vistra Corp.,Nuclear,2026-06-02,251,-0.014412,-0.040046,0.155174,-0.017905,0.017324,-0.021735,-0.114357,-0.097855,4207335.333333,4223381.200000,5954670.300000,0.758750,158.677997,154.200999,151.110499,-0.059553,6,False,False,False,False,-0.034156,challenger,4,0.045394,-0.273100,0.281563,14.416939,,,unavailable,missing_growth,Yahoo Finance earningsGrowth is missing.,momentum_leader,none,policy_driven,policy_or_thematic_support,observed,neutral,reasonable_pullback,reasonable_pullback,sideways_base,research_candidate,4518106,ok,資料日期與本次市場日期一致。
CCJ,Cameco Corporation,Nuclear,2026-06-02,251,0.089307,0.114080,0.146186,0.019026,-0.000746,0.023092,0.364192,1.023201,3453612.333333,3080327.400000,3219331.850000,1.448884,112.773999,108.965999,112.048000,-0.006749,6,True,True,False,False,-0.043143,core_leader,4,0.075521,-0.101275,0.817782,62.652252,0.875000,0.716026,undervalued,ok,Forward PEG uses Yahoo forwardPE divided by earningsGrowth percent.,momentum_leader,none,policy_driven,policy_or_thematic_support,observed,neutral,neutral,neutral,strong_uptrend,avoid_for_now,4664437,ok,資料日期與本次市場日期一致。
UEC,Uranium Energy Corp.,Nuclear,2026-06-02,251,0.139483,0.142857,0.169697,0.041835,0.033467,0.060440,0.258354,1.427673,9866891.333333,8296954.800000,9144383.700000,1.456716,13.958000,13.408000,14.205000,-0.013072,6,True,True,False,False,-0.019632,specialist,4,0.086941,-0.233366,0.669480,-926.214700,,,unavailable,missing_pe,Yahoo Finance forwardPE is missing or not positive.,momentum_leader,none,policy_driven,policy_or_thematic_support,observed,extended,neutral,extended,strong_uptrend,too_extended,13320774,ok,資料日期與本次市場日期一致。
LEU,Centrus Energy Corp.,Nuclear,2026-06-02,251,0.073709,0.086006,0.151373,-0.037647,-0.036343,0.009020,-0.232048,0.514873,1043494.666667,931036.800000,913769.200000,1.488761,187.238004,181.437001,191.055001,-0.017616,7,True,True,False,False,-0.037956,specialist,4,0.042265,-0.543280,0.222230,50.158690,-0.719000,,unavailable,invalid_growth,Yahoo Finance earningsGrowth is zero or negative.,momentum_leader,none,policy_driven,policy_or_thematic_support,observed,neutral,deep_pullback,deep_pullback,strong_uptrend,wait_for_stabilization,1360384,ok,資料日期與本次市場日期一致。
SMR,NuScale Power Corporation,Nuclear,2026-06-02,251,0.144381,0.141571,0.331107,0.145320,0.149094,0.113328,-0.302500,-0.561183,48623910.000000,39144626.000000,34839546.500000,1.721840,12.754000,11.917000,12.035500,-0.012275,8,False,True,True,True,0.141778,emerging_leader,4,0.159071,-0.738911,0.108200,-20.817478,,,unavailable,missing_pe,Yahoo Finance forwardPE is missing or not positive.,momentum_leader,none,policy_driven,policy_or_thematic_support,observed,very_extended,deep_pullback,very_extended,overextended,too_extended,59988130,ok,資料日期與本次市場日期一致。
OKLO,Oklo Inc.,Nuclear,2026-06-02,251,0.079013,0.069432,0.254611,0.070991,0.043608,0.160664,-0.195995,0.476190,23443002.333333,18606001.400000,15172135.350000,1.569542,68.629999,66.127999,68.152999,-0.026492,7,False,True,True,False,0.065281,emerging_leader,4,0.078016,-0.578098,0.216942,-87.566444,,,unavailable,missing_pe,Yahoo Finance forwardPE is missing or not positive.,momentum_leader,none,policy_driven,policy_or_thematic_support,observed,neutral,deep_pullback,deep_pullback,pullback_in_uptrend,wait_for_stabilization,23813307,ok,資料日期與本次市場日期一致。
NNE,NANO Nuclear Energy Inc.,Nuclear,2026-06-02,251,0.067016,0.051600,0.265839,0.310892,0.305852,0.174865,-0.065138,0.047635,3263378.333333,2890867.000000,2845366.750000,1.162604,29.032000,27.264500,26.886750,-0.058823,8,False,True,False,False,0.076509,emerging_leader,4,0.136991,-0.460180,0.307467,-31.035532,,,unavailable,missing_pe,Yahoo Finance forwardPE is missing or not positive.,momentum_leader,none,policy_driven,policy_or_thematic_support,observed,extended,reasonable_pullback,extended,strong_uptrend,too_extended,3308035,ok,資料日期與本次市場日期一致。
GEV,GE Vernova Inc.,Renewables,2026-06-02,251,-0.026436,-0.094164,-0.042065,-0.097099,-0.087756,0.152323,0.618905,0.971313,3399538.666667,3094083.200000,2374725.800000,0.944326,983.283997,1010.576990,1038.267987,-0.112035,4,False,False,False,True,-0.168279,infrastructure_leader,3,-0.066070,-0.156464,0.737522,39.559654,18.165000,0.021778,undervalued,ok,Forward PEG uses Yahoo forwardPE divided by earningsGrowth percent.,neutral,momentum_exhaustion,unclear,unclear,needs_review,reasonable_pullback,neutral,reasonable_pullback,falling_knife,avoid_for_now,2242516,ok,資料日期與本次市場日期一致。
FSLR,First Solar Inc.,Renewables,2026-06-02,251,0.025150,0.152102,0.331151,0.471262,0.469038,0.574495,0.139565,0.951497,4071473.000000,3977883.800000,3051150.950000,0.933916,299.570007,273.410007,250.028004,-0.012354,8,False,True,False,True,0.204936,core_leader,3,0.243901,0.000000,1.000000,13.274864,0.651000,0.203915,undervalued,ok,Forward PEG uses Yahoo forwardPE divided by earningsGrowth percent.,neutral,momentum_exhaustion,unclear,unclear,needs_review,very_extended,very_extended,very_extended,overextended,not_eligible_industry,2849519,ok,資料日期與本次市場日期一致。
NXT,Nextracker Inc.,Renewables,2026-06-02,251,0.109718,0.160125,0.131916,0.301805,0.269240,0.504745,0.661428,1.625388,2816482.000000,2338369.200000,2745002.300000,0.548322,145.317999,136.186000,133.378500,-0.072762,6,True,True,False,False,0.005701,challenger,3,0.141263,-0.026726,0.959259,28.131273,-0.071000,,unavailable,invalid_growth,Yahoo Finance earningsGrowth is zero or negative.,neutral,momentum_exhaustion,unclear,unclear,needs_review,extended,very_extended,very_extended,overextended,not_eligible_industry,1505146,ok,資料日期與本次市場日期一致。
ARRY,Array Technologies Inc.,Renewables,2026-06-02,251,-0.004320,0.095012,0.091124,0.203655,0.176020,0.229333,0.227696,0.315264,4163078.000000,5777386.800000,5296101.700000,0.814171,9.082000,8.683000,8.582000,-0.047516,5,False,False,False,False,-0.035090,specialist,3,0.074342,-0.229097,0.577161,10.193139,,,unavailable,missing_growth,Yahoo Finance earningsGrowth is missing.,neutral,momentum_exhaustion,unclear,unclear,needs_review,neutral,neutral,neutral,strong_uptrend,not_eligible_industry,4311934,ok,資料日期與本次市場日期一致。
ORA,Ormat Technologies Inc.,Renewables,2026-06-02,251,0.049390,0.038827,0.118948,0.260792,0.274122,0.364991,0.282180,0.930541,715419.666667,727971.800000,1096007.950000,0.702239,139.137997,136.445000,130.855933,-0.022049,6,False,True,False,False,-0.007267,specialist,3,0.104115,0.000000,1.000000,58.132190,0.076000,7.648972,expensive,ok,Forward PEG uses Yahoo forwardPE divided by earningsGrowth percent.,neutral,momentum_exhaustion,unclear,unclear,needs_review,extended,very_extended,very_extended,overextended,not_eligible_industry,769659,ok,資料日期與本次市場日期一致。
FLNC,Fluence Energy Inc.,Energy Storage,2026-06-02,251,0.306648,0.308486,0.428352,1.263585,1.289582,0.870643,0.421079,4.851153,26937889.000000,18815673.400000,17728273.350000,1.318401,23.304000,21.638000,20.781000,-0.121452,6,True,True,True,True,0.114348,emerging_leader,3,0.343054,-0.134037,0.843535,151.899410,,,unavailable,missing_growth,Yahoo Finance earningsGrowth is missing.,momentum_leader,momentum_exhaustion,unclear,unclear,needs_review,very_extended,extended,very_extended,overextended,too_extended,23372967,ok,資料日期與本次市場日期一致。
STEM,Stem Inc.,Energy Storage,2026-06-02,251,-0.018609,-0.025292,0.139932,-0.010859,-0.068773,0.054737,-0.420809,-0.005952,204303.666667,208322.200000,210500.550000,1.186272,10.070000,9.677000,9.502000,-0.054475,5,False,False,False,False,-0.174072,specialist,3,0.054515,-0.663646,0.162997,-1.724040,,,unavailable,missing_pe,Yahoo Finance forwardPE is missing or not positive.,momentum_leader,momentum_exhaustion,unclear,unclear,needs_review,neutral,deep_pullback,deep_pullback,sideways_base,avoid_for_now,249711,ok,資料日期與本次市場日期一致。
ENPH,Enphase Energy Inc.,Energy Storage,2026-06-02,251,0.040719,0.081166,0.455625,1.222803,1.136780,0.674306,1.507106,0.653257,8638368.000000,8798140.800000,9912930.200000,0.825377,68.842001,63.739000,52.442500,-0.093056,6,False,True,False,True,0.141621,specialist,3,0.379225,0.000000,1.000000,29.892506,,,unavailable,missing_growth,Yahoo Finance earningsGrowth is missing.,momentum_leader,momentum_exhaustion,unclear,unclear,needs_review,very_extended,very_extended,very_extended,overextended,too_extended,8181904,ok,資料日期與本次市場日期一致。
SEDG,SolarEdge Technologies Inc.,Energy Storage,2026-06-02,251,0.072688,0.109682,0.421510,0.890896,0.829643,1.076435,1.149193,3.335174,3415053.333333,4036692.000000,5299958.000000,0.563676,75.416002,68.353001,57.045000,-0.016667,6,False,True,False,True,0.107506,specialist,3,0.376282,0.000000,1.000000,50.122257,,,unavailable,missing_growth,Yahoo Finance earningsGrowth is missing.,momentum_leader,momentum_exhaustion,unclear,unclear,needs_review,very_extended,very_extended,very_extended,overextended,too_extended,2987460,ok,資料日期與本次市場日期一致。
GNRC,Generac Holdings Inc.,Energy Storage,2026-06-02,251,0.018357,0.035514,0.124600,0.107014,0.097324,0.286470,0.876805,1.236736,1132045.000000,958347.000000,825476.750000,1.880047,278.346002,267.364003,267.118001,-0.040174,6,False,True,False,False,-0.189404,specialist,3,0.065372,0.000000,1.000000,25.651472,0.699000,0.366974,undervalued,ok,Forward PEG uses Yahoo forwardPE divided by earningsGrowth percent.,momentum_leader,momentum_exhaustion,unclear,unclear,needs_review,neutral,very_extended,very_extended,overextended,too_extended,1551935,ok,資料日期與本次市場日期一致。
ISRG,Intuitive Surgical Inc.,Robotics Automation,2026-06-02,251,-0.050351,-0.078646,-0.085516,-0.110644,-0.121194,-0.191227,-0.298493,-0.270998,3281148.000000,3029988.800000,2471052.200000,1.363567,416.276001,428.653000,433.324500,-0.104069,4,False,False,False,True,-0.133915,core_leader,4,-0.071596,-0.321414,0.000000,34.119270,0.188000,1.814855,fair,ok,Forward PEG uses Yahoo forwardPE divided by earningsGrowth percent.,neutral,none,unclear,unclear,needs_review,reasonable_pullback,deep_pullback,deep_pullback,falling_knife,avoid_for_now,3369444,ok,資料日期與本次市場日期一致。
TER,Teradyne Inc.,Robotics Automation,2026-06-02,251,0.026055,0.008943,0.223387,0.163965,0.137074,0.291067,1.160275,3.832721,2970371.666667,2989643.000000,3649620.750000,0.618836,378.975995,366.150858,360.878775,-0.050547,7,False,True,False,False,0.174987,specialist,4,0.087955,-0.060543,0.924848,41.270990,3.148000,0.131102,undervalued,ok,Forward PEG uses Yahoo forwardPE divided by earningsGrowth percent.,neutral,none,unclear,unclear,needs_review,extended,very_extended,very_extended,overextended,not_eligible_industry,2258515,ok,資料日期與本次市場日期一致。
SYM,Symbotic Inc.,Robotics Automation,2026-06-02,251,0.005737,-0.071496,0.043358,-0.138772,-0.166412,-0.067970,-0.413991,0.665197,3630036.333333,4270941.800000,2781855.450000,0.822440,49.271001,50.077500,51.300750,-0.140755,6,False,False,False,True,-0.005042,emerging_leader,4,-0.043094,-0.437686,0.355975,64.383705,,,unavailable,missing_growth,Yahoo Finance earningsGrowth is missing.,neutral,none,unclear,unclear,needs_review,reasonable_pullback,reasonable_pullback,reasonable_pullback,sideways_base,not_eligible_industry,2287909,ok,資料日期與本次市場日期一致。
ROK,Rockwell Automation Inc.,Robotics Automation,2026-06-02,251,0.018931,0.015582,0.061990,0.161199,0.140906,0.166473,0.178330,0.484320,807358.666667,698315.200000,837108.800000,0.592487,456.411993,448.941998,449.149718,-0.011484,6,False,True,False,False,0.013590,core_leader,4,0.031750,0.000000,1.000000,31.931849,0.396000,0.806360,undervalued,ok,Forward PEG uses Yahoo forwardPE divided by earningsGrowth percent.,neutral,none,unclear,unclear,needs_review,neutral,very_extended,very_extended,overextended,not_eligible_industry,495976,ok,資料日期與本次市場日期一致。
CGNX,Cognex Corporation,Robotics Automation,2026-06-02,251,0.001060,-0.032928,0.068789,0.175289,0.182852,0.234261,0.739288,1.179338,2421289.333333,2340993.600000,2917678.400000,1.061175,65.856000,65.182364,64.623658,-0.054003,5,False,False,False,False,0.020390,specialist,4,0.022536,-0.032928,0.942193,37.507095,1.223000,0.306681,undervalued,ok,Forward PEG uses Yahoo forwardPE divided by earningsGrowth percent.,neutral,none,unclear,unclear,needs_review,neutral,very_extended,very_extended,overextended,not_eligible_industry,3096168,ok,資料日期與本次市場日期一致。
ZBRA,Zebra Technologies Corporation,Robotics Automation,2026-06-02,251,0.026382,0.007923,-0.021610,0.137264,0.120486,0.128938,0.006686,-0.128600,2215645.666667,1744827.400000,1301776.850000,0.691622,249.688000,248.931000,244.256499,-0.046644,4,True,False,False,False,-0.070010,specialist,4,0.041692,-0.254629,0.388146,12.287264,0.038000,3.233491,expensive,ok,Forward PEG uses Yahoo forwardPE divided by earningsGrowth percent.,neutral,none,unclear,unclear,needs_review,neutral,reasonable_pullback,reasonable_pullback,early_recovery,not_eligible_industry,900337,ok,資料日期與本次市場日期一致。
IONQ,IonQ Inc.,Quantum Computing,2026-06-02,251,0.017964,0.122289,0.447982,0.560656,0.545455,0.927126,0.448276,0.793519,28101703.000000,29159461.800000,35990400.450000,0.764835,69.658000,63.535000,57.979500,-0.038712,7,False,True,False,True,0.000000,emerging_leader,3,0.231470,-0.130223,0.807387,-68.495125,,,unavailable,missing_pe,Yahoo Finance forwardPE is missing or not positive.,momentum_leader,momentum_exhaustion,unclear,unclear,needs_review,very_extended,neutral,very_extended,overextended,too_extended,27526709,ok,資料日期與本次市場日期一致。
XYZ,Block Inc.,Fintech,2026-06-02,251,-0.002690,0.071997,0.049837,0.031293,0.032586,0.178855,0.110030,0.167533,6734412.333333,6637407.400000,6541441.850000,0.748908,74.348000,71.770000,71.618000,-0.039639,6,False,True,False,False,-0.007820,challenger,3,0.035354,-0.085809,0.782636,14.889110,,,unavailable,missing_growth,Yahoo Finance earningsGrowth is missing.,neutral,momentum_exhaustion,unclear,unclear,needs_review,neutral,neutral,neutral,strong_uptrend,not_eligible_industry,4898937,ok,資料日期與本次市場日期一致。
PYPL,PayPal Holdings Inc.,Fintech,2026-06-02,251,0.001574,0.008379,0.003267,-0.116293,-0.117169,-0.036981,-0.287529,-0.372381,15365831.333333,15480098.800000,16002364.700000,0.689473,44.537999,44.358500,44.875500,-0.014605,4,True,False,False,False,-0.054390,core_leader,3,-0.007699,-0.427665,0.143349,7.734609,-0.062000,,unavailable,invalid_growth,Yahoo Finance earningsGrowth is zero or negative.,neutral,momentum_exhaustion,unclear,unclear,needs_review,neutral,deep_pullback,deep_pullback,early_recovery,not_eligible_industry,11033194,ok,資料日期與本次市場日期一致。
HOOD,Robinhood Markets Inc.,Fintech,2026-06-02,251,0.039133,0.189904,0.142709,0.151666,0.196850,0.158933,-0.313877,0.229225,44427367.666667,40549520.600000,25658675.150000,1.024227,86.852002,80.783001,79.400500,-0.065111,6,True,True,False,False,0.085052,emerging_leader,3,0.110321,-0.421750,0.263459,32.135777,0.027000,11.902140,expensive,ok,Forward PEG uses Yahoo forwardPE divided by earningsGrowth percent.,neutral,momentum_exhaustion,unclear,unclear,needs_review,extended,reasonable_pullback,extended,early_recovery,not_eligible_industry,26280303,ok,資料日期與本次市場日期一致。
COIN,Coinbase Global Inc.,Fintech,2026-06-02,251,-0.045322,-0.033443,-0.081556,-0.142864,-0.090248,-0.045898,-0.362253,-0.327990,9221002.000000,8980541.200000,9662230.300000,0.864201,180.332001,184.495999,192.885500,-0.102191,4,False,False,False,True,-0.139213,challenger,3,-0.097962,-0.585521,0.118052,34.890950,,,unavailable,missing_growth,Yahoo Finance earningsGrowth is missing.,neutral,momentum_exhaustion,unclear,unclear,needs_review,reasonable_pullback,deep_pullback,deep_pullback,falling_knife,avoid_for_now,8350106,ok,資料日期與本次市場日期一致。
SOFI,SoFi Technologies Inc.,Fintech,2026-06-02,251,0.045374,0.110138,0.129217,0.095062,0.079732,-0.046749,-0.403096,0.298682,106874390.000000,91324674.000000,67829803.500000,1.079360,17.536000,16.585000,16.236500,-0.045210,6,True,True,False,False,0.071560,emerging_leader,3,0.092600,-0.449239,0.228267,22.736593,1.012000,0.224670,undervalued,ok,Forward PEG uses Yahoo forwardPE divided by earningsGrowth percent.,neutral,momentum_exhaustion,unclear,unclear,needs_review,extended,deep_pullback,extended,strong_uptrend,not_eligible_industry,73212770,ok,資料日期與本次市場日期一致。
AFRM,Affirm Holdings Inc.,Fintech,2026-06-02,251,-0.027260,0.025119,0.102469,0.058587,0.051377,0.484633,0.000846,0.292031,5633286.666667,5549292.000000,5544823.000000,0.849290,72.202002,69.510001,67.603501,-0.035845,7,False,True,False,False,0.044811,specialist,3,0.050389,-0.229659,0.573615,18.801033,35.293000,0.005327,undervalued,ok,Forward PEG uses Yahoo forwardPE divided by earningsGrowth percent.,neutral,momentum_exhaustion,unclear,unclear,needs_review,neutral,neutral,neutral,strong_uptrend,not_eligible_industry,4709160,ok,資料日期與本次市場日期一致。
NFLX,Netflix Inc.,Consumer Platforms,2026-06-02,251,-0.035086,-0.049612,-0.070496,-0.084487,-0.094829,-0.147083,-0.225414,-0.315812,37822911.000000,34968406.600000,34127211.650000,1.199276,85.781999,87.191000,87.404499,-0.067167,1,False,False,False,False,-0.074285,core_leader,4,-0.046617,-0.377730,0.128676,21.684315,0.864000,0.250976,undervalued,ok,Forward PEG uses Yahoo forwardPE divided by earningsGrowth percent.,neutral,none,unclear,unclear,needs_review,reasonable_pullback,deep_pullback,deep_pullback,sideways_base,not_eligible_industry,40927933,ok,資料日期與本次市場日期一致。
UBER,Uber Technologies Inc.,Consumer Platforms,2026-06-02,251,0.009870,0.021392,-0.046084,-0.031246,-0.046592,-0.062074,-0.181860,-0.132194,29535862.666667,26178977.600000,21274539.400000,0.667140,71.488000,72.168000,73.902500,-0.060054,4,True,False,False,False,-0.049873,core_leader,4,-0.030885,-0.284515,0.078913,16.388004,-0.846000,,unavailable,invalid_growth,Yahoo Finance earningsGrowth is zero or negative.,neutral,none,unclear,unclear,needs_review,reasonable_pullback,deep_pullback,deep_pullback,early_recovery,not_eligible_industry,14193088,ok,資料日期與本次市場日期一致。
ABNB,Airbnb Inc.,Consumer Platforms,2026-06-02,251,-0.001115,0.012587,0.000372,-0.032479,-0.051602,0.009847,0.148389,0.010911,4010188.333333,3811673.000000,4241163.250000,0.818164,134.426001,133.812001,135.300002,-0.025531,4,False,False,False,False,-0.003417,challenger,4,-0.007021,-0.068179,0.698836,22.225275,0.060000,3.704213,expensive,ok,Forward PEG uses Yahoo forwardPE divided by earningsGrowth percent.,neutral,none,unclear,unclear,needs_review,neutral,neutral,neutral,strong_uptrend,not_eligible_industry,3469965,ok,資料日期與本次市場日期一致。
DASH,DoorDash Inc.,Consumer Platforms,2026-06-02,251,0.001595,0.019156,-0.035163,-0.090514,-0.107427,-0.105494,-0.208802,-0.265559,4428853.333333,4309092.000000,5549438.000000,0.545471,159.059998,158.419998,159.537499,-0.047518,5,True,False,False,False,-0.038952,challenger,4,-0.016219,-0.442926,0.076587,20.161213,-0.061000,,unavailable,invalid_growth,Yahoo Finance earningsGrowth is zero or negative.,neutral,none,unclear,unclear,needs_review,neutral,deep_pullback,deep_pullback,early_recovery,not_eligible_industry,3027060,ok,資料日期與本次市場日期一致。
SPOT,Spotify Technology S.A.,Consumer Platforms,2026-06-02,251,-0.029436,-0.053256,0.126941,0.144298,0.135875,-0.035503,-0.162590,-0.252686,2159369.666667,2045181.800000,2560135.450000,0.556771,507.296008,495.089005,461.928502,-0.060467,5,False,False,False,False,0.123152,challenger,4,0.085666,-0.353654,0.244389,27.116943,2.224000,0.121929,undervalued,ok,Forward PEG uses Yahoo forwardPE divided by earningsGrowth percent.,neutral,none,unclear,unclear,needs_review,extended,deep_pullback,extended,sideways_base,not_eligible_industry,1425409,ok,資料日期與本次市場日期一致。
PINS,Pinterest Inc.,Consumer Platforms,2026-06-02,251,0.010654,0.079669,0.047165,0.000959,0.032146,0.092670,-0.200995,-0.370057,36202390.666667,27735454.400000,22356193.600000,0.758017,20.590000,19.807000,20.171500,-0.029056,6,True,True,False,False,0.043376,non_leader,4,0.034628,-0.467194,0.229474,9.286121,,,unavailable,missing_growth,Yahoo Finance earningsGrowth is missing.,neutral,none,unclear,unclear,needs_review,neutral,deep_pullback,deep_pullback,pullback_in_uptrend,not_eligible_industry,16946372,ok,資料日期與本次市場日期一致。
JNJ,Johnson & Johnson,Defensive Healthcare,2026-06-02,251,-0.034272,-0.031671,-0.020741,-0.000126,-0.013285,-0.091502,0.089134,0.479466,8538296.333333,7728757.800000,7547944.450000,0.487045,226.763998,228.409843,226.386757,-0.043391,4,False,False,False,False,-0.014751,core_leader,4,-0.015446,-0.098118,0.759914,17.526463,-0.529000,,unavailable,invalid_growth,Yahoo Finance earningsGrowth is zero or negative.,weak,none,defensive_rotation,defensive_rotation,inferred,neutral,neutral,neutral,sideways_base,not_eligible_industry,3676189,ok,資料日期與本次市場日期一致。
MRK,Merck & Co. Inc.,Defensive Healthcare,2026-06-02,251,-0.035366,-0.033996,0.027452,0.022456,0.031116,-0.027734,0.120885,0.553684,11407091.000000,10128494.600000,8802423.650000,0.933672,117.934000,117.492000,114.988000,-0.059146,5,False,False,False,False,0.033443,core_leader,4,0.005757,-0.061130,0.845520,12.092297,,,unavailable,missing_growth,Yahoo Finance earningsGrowth is missing.,weak,none,defensive_rotation,defensive_rotation,inferred,neutral,extended,extended,sideways_base,not_eligible_industry,8218573,ok,資料日期與本次市場日期一致。
PFE,Pfizer Inc.,Defensive Healthcare,2026-06-02,251,-0.022571,-0.011605,0.008685,-0.012481,-0.013606,-0.022884,0.025905,0.170684,37978539.333333,35722423.600000,35859670.900000,0.839322,25.941999,25.886000,25.837984,-0.025181,5,False,False,False,False,0.014676,specialist,4,-0.011146,-0.090307,0.608372,9.005610,-0.101000,,unavailable,invalid_growth,Yahoo Finance earningsGrowth is zero or negative.,weak,none,defensive_rotation,defensive_rotation,inferred,neutral,neutral,neutral,sideways_base,not_eligible_industry,30097818,ok,資料日期與本次市場日期一致。
ABBV,AbbVie Inc.,Defensive Healthcare,2026-06-02,251,-0.014774,0.010698,0.028604,0.034781,0.042594,-0.071295,-0.038496,0.187809,5895162.333333,5502977.400000,5515489.350000,0.944356,216.015997,214.945998,210.728500,-0.026072,6,False,True,False,False,0.034595,core_leader,4,0.022168,-0.097665,0.624912,13.271906,-0.462000,,unavailable,invalid_growth,Yahoo Finance earningsGrowth is zero or negative.,weak,none,defensive_rotation,defensive_rotation,inferred,neutral,neutral,neutral,strong_uptrend,not_eligible_industry,5208587,ok,資料日期與本次市場日期一致。
UNH,UnitedHealth Group Inc.,Defensive Healthcare,2026-06-02,251,-0.012051,0.002813,-0.033774,0.019339,0.024784,0.316891,0.162685,0.290010,6661163.000000,5771657.800000,6577879.450000,0.471564,380.926001,382.497998,383.595500,-0.031806,2,False,False,False,False,-0.027783,core_leader,4,-0.014795,-0.057932,0.861888,18.107830,0.007000,25.868329,expensive,ok,Forward PEG uses Yahoo forwardPE divided by earningsGrowth percent.,weak,none,defensive_rotation,defensive_rotation,inferred,neutral,extended,extended,sideways_base,not_eligible_industry,3101889,ok,資料日期與本次市場日期一致。
MDT,Medtronic plc,Defensive Healthcare,2026-06-02,251,-0.024084,-0.049613,-0.046172,-0.058110,-0.078125,-0.231185,-0.288912,-0.110428,16913517.000000,14862490.200000,10958742.550000,1.303731,74.618001,76.417001,76.584000,-0.061705,3,False,False,False,False,-0.040181,specialist,4,-0.037005,-0.289047,0.000000,12.173483,-0.118000,,unavailable,invalid_growth,Yahoo Finance earningsGrowth is zero or negative.,weak,none,defensive_rotation,defensive_rotation,inferred,reasonable_pullback,deep_pullback,deep_pullback,sideways_base,not_eligible_industry,14287251,ok,資料日期與本次市場日期一致。
PG,Procter & Gamble Co.,Defensive Staples,2026-06-02,251,-0.034884,-0.014969,-0.011026,-0.018129,-0.043732,-0.111693,-0.035585,-0.131730,9876895.000000,9975257.000000,8280644.250000,0.746450,143.612003,143.260002,143.703001,-0.048885,5,False,False,False,False,0.051759,core_leader,4,-0.020062,-0.151433,0.159743,19.873356,0.058000,3.426441,expensive,ok,Forward PEG uses Yahoo forwardPE divided by earningsGrowth percent.,weak,none,defensive_rotation,defensive_rotation,inferred,neutral,deep_pullback,deep_pullback,sideways_base,not_eligible_industry,6181085,ok,資料日期與本次市場日期一致。
KO,The Coca-Cola Company,Defensive Staples,2026-06-02,251,-0.024873,-0.025478,-0.034360,0.002814,-0.002163,-0.004926,0.087304,0.133825,19249328.666667,17129797.200000,14731289.300000,0.848173,79.618002,80.467001,80.032501,-0.042847,3,False,False,False,False,0.028426,core_leader,4,-0.020273,-0.042847,0.795376,22.508133,0.182000,1.236711,fair,ok,Forward PEG uses Yahoo forwardPE divided by earningsGrowth percent.,weak,none,defensive_rotation,defensive_rotation,inferred,neutral,neutral,neutral,sideways_base,not_eligible_industry,12494686,ok,資料日期與本次市場日期一致。
PEP,PepsiCo Inc.,Defensive Staples,2026-06-02,251,-0.029325,-0.025261,-0.047363,-0.081441,-0.097897,-0.131231,-0.027364,0.120122,9533934.000000,8726300.400000,7260205.100000,1.067202,144.348001,146.650000,149.289500,-0.060105,4,False,False,False,False,0.015422,core_leader,4,-0.048828,-0.159665,0.394249,15.523435,0.278000,0.558397,undervalued,ok,Forward PEG uses Yahoo forwardPE divided by earningsGrowth percent.,weak,none,defensive_rotation,defensive_rotation,inferred,reasonable_pullback,reasonable_pullback,reasonable_pullback,sideways_base,not_eligible_industry,7748102,ok,資料日期與本次市場日期一致。
WMT,Walmart Inc.,Defensive Staples,2026-06-02,251,-0.049117,-0.046470,-0.152092,-0.130854,-0.139242,-0.112593,0.029225,0.140281,31886622.666667,27867033.600000,23057668.400000,1.183670,116.170000,120.607999,125.674754,-0.157526,2,False,False,False,True,-0.089307,core_leader,4,-0.100376,-0.157526,0.480991,34.369026,0.194000,1.771599,fair,ok,Forward PEG uses Yahoo forwardPE divided by earningsGrowth percent.,weak,none,defensive_rotation,defensive_rotation,inferred,reasonable_pullback,neutral,reasonable_pullback,falling_knife,avoid_for_now,27292668,ok,資料日期與本次市場日期一致。
COST,Costco Wholesale Corporation,Defensive Staples,2026-06-02,251,-0.041127,-0.048518,-0.113519,-0.057781,-0.056766,-0.051713,0.047472,-0.090895,4006234.666667,3450620.800000,2442355.200000,0.890290,971.118005,1010.553992,1017.982986,-0.135436,3,False,False,False,True,-0.050734,core_leader,4,-0.062587,-0.127979,0.432329,42.186070,0.455000,0.927166,undervalued,ok,Forward PEG uses Yahoo forwardPE divided by earningsGrowth percent.,weak,none,defensive_rotation,defensive_rotation,inferred,reasonable_pullback,reasonable_pullback,reasonable_pullback,falling_knife,avoid_for_now,2174404,ok,資料日期與本次市場日期一致。
CL,Colgate-Palmolive Company,Defensive Staples,2026-06-02,251,-0.036985,-0.017585,-0.018350,0.033970,0.011575,-0.070060,0.111612,-0.001313,5261803.333333,4668842.000000,5036295.500000,0.550009,89.956000,90.105000,88.969500,-0.036985,6,False,False,False,False,0.044435,specialist,4,-0.007862,-0.104110,0.580708,21.843115,-0.059000,,unavailable,invalid_growth,Yahoo Finance earningsGrowth is zero or negative.,weak,none,defensive_rotation,defensive_rotation,inferred,neutral,neutral,neutral,sideways_base,not_eligible_industry,2770010,ok,資料日期與本次市場日期一致。
SPY,SPDR S&P 500 ETF Trust,Market ETFs,2026-06-02,251,0.006586,0.011964,0.028322,0.057882,0.054007,0.119522,0.117802,0.288861,41887289.666667,41866153.800000,46035903.450000,0.585440,755.929993,749.357996,743.307999,-0.000173,8,False,True,False,False,-0.026325,non_leader,5,0.021878,0.000000,1.000000,,,,unavailable,missing_pe,Yahoo Finance forwardPE is missing or not positive.,momentum_leader,momentum_exhaustion,unclear,unclear,needs_review,neutral,very_extended,very_extended,overextended,avoid_for_now,26951269,ok,資料日期與本次市場日期一致。
QQQ,Invesco QQQ Trust,Market ETFs,2026-06-02,251,0.014356,0.021745,0.057063,0.108905,0.106816,0.241898,0.208015,0.421907,33223133.000000,33531619.800000,38794594.950000,0.727862,738.451990,726.927002,716.132999,-0.001137,8,False,True,False,False,0.002416,non_leader,5,0.041929,0.000000,1.000000,,,,unavailable,missing_pe,Yahoo Finance forwardPE is missing or not positive.,momentum_leader,momentum_exhaustion,unclear,unclear,needs_review,neutral,very_extended,very_extended,overextended,avoid_for_now,28237099,ok,資料日期與本次市場日期一致。
IWM,iShares Russell 2000 ETF,Market ETFs,2026-06-02,251,-0.001267,0.003959,0.056854,0.049590,0.044328,0.127059,0.178527,0.410339,22446393.000000,23113935.800000,25242018.950000,0.656060,290.694000,286.445999,284.442001,-0.010444,6,False,True,False,False,0.002207,non_leader,5,0.025376,-0.001267,0.995688,,,,unavailable,missing_pe,Yahoo Finance forwardPE is missing or not positive.,momentum_leader,momentum_exhaustion,unclear,unclear,needs_review,neutral,very_extended,very_extended,overextended,avoid_for_now,16560279,ok,資料日期與本次市場日期一致。
DIA,SPDR Dow Jones Industrial Average ETF Trust,Market ETFs,2026-06-02,251,0.013805,0.017417,0.034285,0.050603,0.039015,0.062085,0.084738,0.225142,4906151.666667,4535171.000000,4827872.750000,1.024666,510.039996,505.889996,501.303912,-0.001719,8,True,True,False,False,-0.020362,non_leader,5,0.025426,0.000000,1.000000,,,,unavailable,missing_pe,Yahoo Finance forwardPE is missing or not positive.,momentum_leader,momentum_exhaustion,unclear,unclear,needs_review,neutral,very_extended,very_extended,overextended,avoid_for_now,4946955,ok,資料日期與本次市場日期一致。
VTI,Vanguard Total Stock Market ETF,Market ETFs,2026-06-02,251,0.007265,0.013263,0.033116,0.057574,0.053674,0.118556,0.119794,0.291152,4246268.333333,3758541.000000,3346670.250000,0.801365,372.263995,368.690997,365.622997,-0.000271,8,False,True,False,False,-0.021531,non_leader,5,0.023896,0.000000,1.000000,,,,unavailable,missing_pe,Yahoo Finance forwardPE is missing or not positive.,momentum_leader,momentum_exhaustion,unclear,unclear,needs_review,neutral,very_extended,very_extended,overextended,avoid_for_now,2681905,ok,資料日期與本次市場日期一致。
VOO,Vanguard S&P 500 ETF,Market ETFs,2026-06-02,251,0.006269,0.011956,0.028502,0.057777,0.053946,0.119453,0.117816,0.289471,6504726.666667,7075556.000000,6151449.000000,0.712447,694.983997,688.948004,683.334995,-0.000072,8,False,True,False,False,-0.026145,non_leader,5,0.021841,0.000000,1.000000,,,,unavailable,missing_pe,Yahoo Finance forwardPE is missing or not positive.,momentum_leader,momentum_exhaustion,unclear,unclear,needs_review,neutral,very_extended,very_extended,overextended,avoid_for_now,4382580,ok,資料日期與本次市場日期一致。
EWT,iShares MSCI Taiwan ETF,Market ETFs,2026-06-02,251,0.046609,0.048659,0.167284,0.184714,0.190508,0.502455,0.736644,1.107825,5455928.666667,6059317.200000,6454589.300000,0.575790,104.323999,99.681999,96.957999,-0.006118,8,False,True,False,False,0.112637,non_leader,5,0.104705,0.000000,1.000000,,,,unavailable,missing_pe,Yahoo Finance forwardPE is missing or not positive.,momentum_leader,momentum_exhaustion,unclear,unclear,needs_review,extended,very_extended,very_extended,overextended,avoid_for_now,3716486,ok,資料日期與本次市場日期一致。
VUAA.L,Vanguard S&P 500 UCITS ETF USD Acc,Market ETFs,2026-06-02,253,0.007822,0.013245,0.031751,0.050343,0.063269,0.109701,0.122764,0.304672,139557.333333,176778.800000,210463.400000,0.603468,146.056003,144.712003,143.561002,-0.002516,7,False,True,False,False,-0.022897,non_leader,5,0.023119,0.000000,1.000000,,,,unavailable,missing_pe,Yahoo Finance forwardPE is missing or not positive.,momentum_leader,momentum_exhaustion,unclear,unclear,needs_review,neutral,very_extended,very_extended,overextended,avoid_for_now,127008,ok,資料日期與本次市場日期一致。
